Feature,SHAP_Value,Absolute_SHAP
Relative_Volume,1.1994939179352293,1.1994939179352293
ATR,-0.1541143688425839,0.1541143688425839
BB_Lower,0.14839814431341172,0.14839814431341172
BB_Upper,-0.10597379057577576,0.10597379057577576
Upper_Shadow,0.08010474746960117,0.08010474746960117
