Feature,SHAP_Value,Absolute_SHAP
BB_Lower,0.5802233671872333,0.5802233671872333
BB_Upper,-0.48698344905333507,0.48698344905333507
ATR,0.4459752463302191,0.4459752463302191
Relative_Volume,-0.26898479114104507,0.26898479114104507
Daily_Return,-0.12702929404693178,0.12702929404693178
